{"home": [[0, 0.0], [1, 0.0], [2, 0.0], [3, 0.0], [4, 0.0], [5, 0.0]], "carib": [[0, 0.0], [1, 0.0], [2, 0.0], [3, 0.0], [4, 0.0], [5, 0.0]], "document": [[0, 0.0], [1, 0.0], [2, 0.0], [3, 0.0], [4, 0.0], [5, 0.0]], "ensta": [[0, 0.0], [1, 0.0], [2, 0.0], [3, 0.0], [4, 0.0], [5, 0.0]], "1a": [[0, 0.0], [1, 0.0], [2, 0.0], [3, 0.0], [4, 0.0], [5, 0.0]], "in104": [[0, 0.0], [1, 0.0], [2, 0.0], [3, 0.0], [4, 0.0], [5, 0.0]], "in104_caporal_clement_soubeiran_corentin": [[0, 0.0], [1, 0.0], [2, 0.0], [3, 0.0], [4, 0.0], [5, 0.0]], "catchm": [[0, 0.0], [1, 0.0], [2, 0.0], [3, 0.0], [4, 0.0], [5, 0.0]], "input": [[0, 0.0], [1, 0.0], [2, 0.0], [3, 0.0], [4, 0.0], [5, 0.0]], "_a_born_natural_orator___irish_student_s_account_of_hitler_in_1921_emerg": [[0, 1.791759469228055]], "txt": [[0, 0.0], [1, 0.0], [2, 0.0], [3, 0.0], [4, 0.0], [5, 0.0]], "_a_brief__sweet_gulp_of_joy___our_writers__favourite_moments_of_2012": [[1, 1.791759469228055]], "_a_character_that_will_live_forever____how_we_made_the_levi_s_flat_eric_ad": [[2, 1.791759469228055]], "_100m_blueprint_to_speed_innovation_in_nh": [[3, 1.791759469228055]], "_179m_picasso__could_hold_world_record_for_a_decade_": [[4, 1.791759469228055]], "_2bn_in_vocational_student_loans_to_remain_unpaid_due_to__poor_program_design": [[5, 1.791759469228055]]}