{"appl": [[1, 2.772588722239781]], "banana": [[0, 2.772588722239781]], "night": [[0, 0.0], [1, 0.0]]}
